{"cameraMode":{"drawMode":0,"name":"Shaded","section":"Shading Mode"},"sceneLighting":true,"audioPlay":false,"sceneViewState":{"m_AlwaysRefresh":false,"showFog":true,"showSkybox":true,"showFlares":true,"showImageEffects":true,"showParticleSystems":true,"showVisualEffectGraphs":true,"m_FxEnabled":true},"in2DMode":false,"pivot":{"x":10.503925323486329,"y":-352.75848388671877,"z":207.343017578125},"rotation":{"x":0.015857750549912454,"y":0.9572337865829468,"z":-0.2838894724845886,"w":0.05347001180052757},"size":529.9852294921875,"orthographic":false}